variant,ASR@0.5_micro,BLEU_micro
base,0.13555555555555557,100.00000000000001
final,0.13944444444444445,100.00000000000001
single,0.1461111111111111,100.00000000000001
