variant,ASR@0.5_macro,BLEU_macro
base,0.13555555555555554,100.00000000000004
final,0.13944444444444445,100.00000000000004
single,0.1461111111111111,100.00000000000004
