;ASR_original;ASR_final;BERTScore_original;BERTScore_final;BLEU_original;BLEU_final;FR_original;FR_final
TinyLlama;0.4216666666666667;0.355;0.8433079508940379;0.826563252111276;10.000.000.000.000.000;0.0995442380702171;0.12;0.07
Gemma;0.03;0.03;0.8925576988855998;0.8466480413079261;10.000.000.000.000.000;0.12428639903027386;0.935;0.7733333333333333
Qwen;0.008333333333333333;0.03333333333333333;0.8514750786622365;0.8262734387318293;10.000.000.000.000.000;0.13118951084688163;0.935;0.51
GLOBAL;0.15333333333333332;0.13944444444444445;0.8624469099442164;0.833161577284336;10.000.000.000.000.000;0.11959232064258273;0.6633333333333333;0.45111111111111113
