,ASR_original,ASR_base,BERTScore_original,BERTScore_base,BLEU_original,BLEU_base
TinyLlama,0.39666666666666667,0.3233333333333333,0.8431407858928045,0.8290604233741761,100.00000000000004,0.24250285933081908
Gemma,0.03333333333333333,0.043333333333333335,0.8926108259956042,0.8489928787946701,100.00000000000004,0.22849359201907957
Qwen,0.01,0.04,0.849928826590379,0.8272145652770996,100.00000000000004,0.22782958937422865
GLOBAL,0.14666666666666667,0.13555555555555557,0.8618934780359269,0.835089291466607,100.00000000000004,0.23362496407583241
